1.435766564980418478e-02,1.481174624461373962e-02,1.435766564983892955e-02,1.481174624464848440e-02,8.082964120651410511e-03,8.378455377854870587e-03,6.274701122785073491e-03,6.433290439353631096e-03,4.063676996805511241e-10,4.274052380297351055e-10,0.000000000000000000e+00,0.000000000000000000e+00,0.000000000000000000e+00,0.000000000000000000e+00,3.474400201620401490e-14,3.474400201620401490e-14
1.466331803226352676e-02,1.481795644538178892e-02,1.466331803229824031e-02,1.481795644541650248e-02,8.288407503872621818e-03,8.390299121282305747e-03,6.374910225350509212e-03,6.427657008189176582e-03,3.030403951153702629e-10,3.159103065202215968e-10,0.000000000000000000e+00,0.000000000000000000e+00,0.000000000000000000e+00,0.000000000000000000e+00,3.471425337964239888e-14,3.471425337964239888e-14
1.525607874139172683e-02,1.481663619614531288e-02,1.525607874142642650e-02,1.481663619618001256e-02,8.590200057171846343e-03,8.390038286249953264e-03,6.665878180795592120e-03,6.426597368371894659e-03,5.034242887478949359e-10,5.415234645118679361e-10,0.000000000000000000e+00,0.000000000000000000e+00,0.000000000000000000e+00,0.000000000000000000e+00,3.470024175969297580e-14,3.470024175969297580e-14
1.423660775060184465e-02,1.482046676007517383e-02,1.423660775063654259e-02,1.482046676010987177e-02,8.036105162312658090e-03,8.393130836003069237e-03,6.200502019505101624e-03,6.427335327667357823e-03,5.687840837214211098e-10,5.964047467716641948e-10,0.000000000000000000e+00,0.000000000000000000e+00,0.000000000000000000e+00,0.000000000000000000e+00,3.469773428179612022e-14,3.469773428179612022e-14
1.463910101393240369e-02,1.481769961036768710e-02,1.463910101396710163e-02,1.481769961040238504e-02,8.247213550780641347e-03,8.389287921503851136e-03,6.391887263579791416e-03,6.428411467847191738e-03,1.995719715278686385e-10,2.210166449960315995e-10,0.000000000000000000e+00,0.000000000000000000e+00,0.000000000000000000e+00,0.000000000000000000e+00,3.469718524843595402e-14,3.469718524843595402e-14
1.574478371536181323e-02,1.481399312722951091e-02,1.574478371539651117e-02,1.481399312726420711e-02,8.836042727189864429e-03,8.387161639175425010e-03,6.908740787165326865e-03,6.426831279835889740e-03,2.010066197945433281e-10,2.082181969749797952e-10,0.000000000000000000e+00,0.000000000000000000e+00,0.000000000000000000e+00,0.000000000000000000e+00,3.469700942594453890e-14,3.469700942594453890e-14
1.363210274142548882e-02,1.481308203151538577e-02,1.363210274146018676e-02,1.481308203155008371e-02,7.669784251394537802e-03,8.386357114105968263e-03,5.962318319473138353e-03,6.426724732506857232e-03,1.705578127947688398e-10,1.849025599978668374e-10,0.000000000000000000e+00,0.000000000000000000e+00,0.000000000000000000e+00,0.000000000000000000e+00,3.469737497098751886e-14,3.469737497098751886e-14
1.484268382899410314e-02,1.481309435891924389e-02,1.484268382902880108e-02,1.481309435895394183e-02,8.374477659005790872e-03,8.385660953915933732e-03,6.468206003058133390e-03,6.427433233714958602e-03,1.669301796116988663e-10,1.712883509677200733e-10,0.000000000000000000e+00,0.000000000000000000e+00,0.000000000000000000e+00,0.000000000000000000e+00,3.469858567948220634e-14,3.469858567948220634e-14
1.477817788895773553e-02,1.481182637090344874e-02,1.477817788899243694e-02,1.481182637093815015e-02,8.314664474368146582e-03,8.385192211107965823e-03,6.463513267151306876e-03,6.426633998265239740e-03,1.474382814882530176e-10,1.615302424056778917e-10,0.000000000000000000e+00,0.000000000000000000e+00,0.000000000000000000e+00,0.000000000000000000e+00,3.470101555354820326e-14,3.470101555354820326e-14
1.561543634420378690e-02,1.481517667047355276e-02,1.561543634423849178e-02,1.481517667050825764e-02,8.779695444086356784e-03,8.387285026083808256e-03,6.835740750933542650e-03,6.427891498716414333e-03,1.491838875392862135e-10,1.456733299601239968e-10,0.000000000000000000e+00,0.000000000000000000e+00,0.000000000000000000e+00,0.000000000000000000e+00,3.470417103514656784e-14,3.470417103514656784e-14
1.402053763271155808e-02,1.481443954715645772e-02,1.402053763274626642e-02,1.481443954719116607e-02,7.886765499176478372e-03,8.387006910902005535e-03,6.133772008118030562e-03,6.427432497548269362e-03,1.254170508340103147e-10,1.387061823759289650e-10,0.000000000000000000e+00,0.000000000000000000e+00,0.000000000000000000e+00,0.000000000000000000e+00,3.470846839059683089e-14,3.470846839059683089e-14
1.422478084460911986e-02,1.481558319127417207e-02,1.422478084464383341e-02,1.481558319130888562e-02,7.948795211231374225e-03,8.387517772725207321e-03,6.275985498333584017e-03,6.428065289755456775e-03,1.350441621481523047e-10,1.287935081345550511e-10,0.000000000000000000e+00,0.000000000000000000e+00,0.000000000000000000e+00,0.000000000000000000e+00,3.471403871669713699e-14,3.471403871669713699e-14
1.493821050047258389e-02,1.481350299929316133e-02,1.493821050050730438e-02,1.481350299932788182e-02,8.442016630058909663e-03,8.385777352227263490e-03,6.496193746922339883e-03,6.427725524724982667e-03,1.234913343541538243e-10,1.223409153897095043e-10,0.000000000000000000e+00,0.000000000000000000e+00,0.000000000000000000e+00,0.000000000000000000e+00,3.472049418165516775e-14,3.472049418165516775e-14
1.435759515848591961e-02,1.481480433287742093e-02,1.435759515852064877e-02,1.481480433291215010e-02,8.101051953238406350e-03,8.386397592906822893e-03,6.256543082915555325e-03,6.428406619001204685e-03,1.223319570954731003e-10,1.209693948732745761e-10,0.000000000000000000e+00,0.000000000000000000e+00,0.000000000000000000e+00,0.000000000000000000e+00,3.472840498956935051e-14,3.472840498956935051e-14
1.407962517836275872e-02,1.481501106975177846e-02,1.407962517839749655e-02,1.481501106978651630e-02,7.909209698811512507e-03,8.387459602422774746e-03,6.170415356892539234e-03,6.427551346040390884e-03,1.226587075191483005e-10,1.212886128218406209e-10,0.000000000000000000e+00,0.000000000000000000e+00,0.000000000000000000e+00,0.000000000000000000e+00,3.473744134389146548e-14,3.473744134389146548e-14
1.458616598835167817e-02,1.481217839817631360e-02,1.458616598838642642e-02,1.481217839821106184e-02,8.203991077162848047e-03,8.385423257136622247e-03,6.382174798139191030e-03,6.426755021149354978e-03,1.130496398357280168e-10,1.198903364530164476e-10,0.000000000000000000e+00,0.000000000000000000e+00,0.000000000000000000e+00,0.000000000000000000e+00,3.474819199823413245e-14,3.474819199823413245e-14
1.476795837388269854e-02,1.480932265924145806e-02,1.476795837391746066e-02,1.480932265927622019e-02,8.329489128757949432e-03,8.384046311737796200e-03,6.438469126668407150e-03,6.425276226145281051e-03,1.184563420503256091e-10,1.213583802542042895e-10,0.000000000000000000e+00,0.000000000000000000e+00,0.000000000000000000e+00,0.000000000000000000e+00,3.476166272730365175e-14,3.476166272730365175e-14
1.470493176246512497e-02,1.481122540490450307e-02,1.470493176249990097e-02,1.481122540493927907e-02,8.251309654927346804e-03,8.385965751985545447e-03,6.453621976452135825e-03,6.425259524235142281e-03,1.310856420872758405e-10,1.286838152787511814e-10,0.000000000000000000e+00,0.000000000000000000e+00,0.000000000000000000e+00,0.000000000000000000e+00,3.477587597085489222e-14,3.477587597085489222e-14
1.439103993045695931e-02,1.481635636058283370e-02,1.439103993049175266e-02,1.481635636061762705e-02,8.119793982434604304e-03,8.389580797023328193e-03,6.271245816522499732e-03,6.426775425773403536e-03,1.314998556739833883e-10,1.377861016326803502e-10,0.000000000000000000e+00,0.000000000000000000e+00,0.000000000000000000e+00,0.000000000000000000e+00,3.479275230174397816e-14,3.479275230174397816e-14
1.450862619872945493e-02,1.482012327947240457e-02,1.450862619876426909e-02,1.482012327950721874e-02,8.156752831550021302e-03,8.390734547580420630e-03,6.351873225690077805e-03,6.429388583977709362e-03,1.414893563681121074e-10,1.479142753683455968e-10,0.000000000000000000e+00,0.000000000000000000e+00,0.000000000000000000e+00,0.000000000000000000e+00,3.481376605483768714e-14,3.481376605483768714e-14
1.493854783114204922e-02,1.482153895813840584e-02,1.493854783117688940e-02,1.482153895817324603e-02,8.416182902731239937e-03,8.391731740221446134e-03,6.522364778345430755e-03,6.429807062535382312e-03,1.500653792023157697e-10,1.553815776454574943e-10,0.000000000000000000e+00,0.000000000000000000e+00,0.000000000000000000e+00,0.000000000000000000e+00,3.483972850764502901e-14,3.483972850764502901e-14
1.441917418365526796e-02,1.482035750696355896e-02,1.441917418369013937e-02,1.482035750699843037e-02,8.155483677988498506e-03,8.389385923932735079e-03,6.263690349426092804e-03,6.430971418902555609e-03,1.562406770726645514e-10,1.641282689691870137e-10,0.000000000000000000e+00,0.000000000000000000e+00,0.000000000000000000e+00,0.000000000000000000e+00,3.487075205903879596e-14,3.487075205903879596e-14
1.460169774443861347e-02,1.481595953588201071e-02,1.460169774447352131e-02,1.481595953591691855e-02,8.219162714098402281e-03,8.388285127069761496e-03,6.382534859542295450e-03,6.427674229300103619e-03,1.707979159970530978e-10,1.795121464915497464e-10,0.000000000000000000e+00,0.000000000000000000e+00,0.000000000000000000e+00,0.000000000000000000e+00,3.490844406419687152e-14,3.490844406419687152e-14
1.441190070429240397e-02,1.481759936800405505e-02,1.441190070432735865e-02,1.481759936803900973e-02,8.078093861042167853e-03,8.388848436343110046e-03,6.333806646837003215e-03,6.428750716767392404e-03,1.964132336412482942e-10,2.148935531930687337e-10,0.000000000000000000e+00,0.000000000000000000e+00,0.000000000000000000e+00,0.000000000000000000e+00,3.495441606870022271e-14,3.495441606870022271e-14
1.437513146469210530e-02,1.481423981242213118e-02,1.437513146472711549e-02,1.481423981245714137e-02,8.086513589589278475e-03,8.386414746753813321e-03,6.288617635088112993e-03,6.427824821013956857e-03,2.400147151731945545e-10,2.446543610963817991e-10,0.000000000000000000e+00,0.000000000000000000e+00,0.000000000000000000e+00,0.000000000000000000e+00,3.501099443424851429e-14,3.501099443424851429e-14
1.392229217395240387e-02,1.482087832752173109e-02,1.392229217398748518e-02,1.482087832755681241e-02,7.839716935270805293e-03,8.392489557427740623e-03,6.082574940726293185e-03,6.428388456884894658e-03,2.979553057758969091e-10,3.132090950328731894e-10,0.000000000000000000e+00,0.000000000000000000e+00,0.000000000000000000e+00,0.000000000000000000e+00,3.508046833721353637e-14,3.508046833721353637e-14
1.465356642593321559e-02,1.482518238380857098e-02,1.465356642596838885e-02,1.482518238384374423e-02,8.266383883138692795e-03,8.396905327835995844e-03,6.387182156753858954e-03,6.428276678621972114e-03,3.860406644585124313e-10,3.773506018426526889e-10,0.000000000000000000e+00,0.000000000000000000e+00,0.000000000000000000e+00,0.000000000000000000e+00,3.517296949461199342e-14,3.517296949461199342e-14
1.465516411604817111e-02,1.481501656156780471e-02,1.465516411608345712e-02,1.481501656160309072e-02,8.264692923588615875e-03,8.390105732403643074e-03,6.390470725280233966e-03,6.424910343585210452e-03,4.671793206077886403e-10,4.855789495632812777e-10,0.000000000000000000e+00,0.000000000000000000e+00,0.000000000000000000e+00,0.000000000000000000e+00,3.528540340733173123e-14,3.528540340733173123e-14
1.510450596784233303e-02,1.481193989654581294e-02,1.510450596787775955e-02,1.481193989658123947e-02,8.531481678649933606e-03,8.387206312560494328e-03,6.573023720228252792e-03,6.424732993929139352e-03,5.689641462484704459e-10,5.900561789343126832e-10,0.000000000000000000e+00,0.000000000000000000e+00,0.000000000000000000e+00,0.000000000000000000e+00,3.542661934275378710e-14,3.542661934275378710e-14
1.440398451443609083e-02,1.481513628601660928e-02,1.440398451447170471e-02,1.481513628605222316e-02,8.098433857651099813e-03,8.387991122821143036e-03,6.305549888729011093e-03,6.427144336616080582e-03,7.680559798623122855e-10,8.265793842839681673e-10,0.000000000000000000e+00,0.000000000000000000e+00,0.000000000000000000e+00,0.000000000000000000e+00,3.561340869598249001e-14,3.561340869598249001e-14
1.443075009285063777e-02,1.481803104901759614e-02,1.443075009288652573e-02,1.481803104905348410e-02,8.163806399269347633e-03,8.389574601943249055e-03,6.266942518840611272e-03,6.428455211376412487e-03,1.174740678512852869e-09,1.235697934174749393e-09,0.000000000000000000e+00,0.000000000000000000e+00,0.000000000000000000e+00,0.000000000000000000e+00,3.588842773647554746e-14,3.588842773647554746e-14
1.489269206014714499e-02,1.481982049286896704e-02,1.489269206018346316e-02,1.481982049290528521e-02,8.386281440271847396e-03,8.392554826083684083e-03,6.506408397713697028e-03,6.427263566611210108e-03,2.222161599955729500e-09,2.100174073628429341e-09,0.000000000000000000e+00,0.000000000000000000e+00,0.000000000000000000e+00,0.000000000000000000e+00,3.631758056460340438e-14,3.631758056460340438e-14
1.477911273593916427e-02,1.481450871377240630e-02,1.477911273597619195e-02,1.481450871380943397e-02,8.375802925849518479e-03,8.389082965306401615e-03,6.403305049542993600e-03,6.425421099061049898e-03,4.760546650617017835e-09,4.649404954364827798e-09,0.000000000000000000e+00,0.000000000000000000e+00,0.000000000000000000e+00,0.000000000000000000e+00,3.702757197734033921e-14,3.702757197734033921e-14
1.464012443640679180e-02,1.481301881890975149e-02,1.464012443644512919e-02,1.481301881894808888e-02,8.276874916716886466e-03,8.387537415707791572e-03,6.363239038490507357e-03,6.425470916224165947e-03,1.048119939806332241e-08,1.048697779477053876e-08,0.000000000000000000e+00,0.000000000000000000e+00,0.000000000000000000e+00,0.000000000000000000e+00,3.833700435597150858e-14,3.833700435597150858e-14
1.452611970305161225e-02,1.481189812467335193e-02,1.452611970309257428e-02,1.481189812471431395e-02,8.182847002907575260e-03,8.386686742747624657e-03,6.343234173982485215e-03,6.425170321418972180e-03,3.852616155036268038e-08,4.106050675572455668e-08,0.000000000000000000e+00,0.000000000000000000e+00,0.000000000000000000e+00,0.000000000000000000e+00,4.096151689594178200e-14,4.096151689594178200e-14
1.486835025294062571e-02,1.479317622911239735e-02,1.486835025298656986e-02,1.479317622915834150e-02,8.353297305194502462e-03,8.376276297496808645e-03,6.514582997375751965e-03,6.416441838599418364e-03,4.699503703714353972e-07,4.580930161695146686e-07,0.000000000000000000e+00,0.000000000000000000e+00,0.000000000000000000e+00,0.000000000000000000e+00,4.594470433206747950e-14,4.594470433206747950e-14
1.475937454518384644e-02,1.459519089445479936e-02,1.475937454523821440e-02,1.459519089450916733e-02,8.353873229337597031e-03,8.273096944812326214e-03,6.403057093979574316e-03,6.319602565734656723e-03,2.444221866675335291e-06,2.491383907815275297e-06,0.000000000000000000e+00,0.000000000000000000e+00,0.000000000000000000e+00,0.000000000000000000e+00,5.436759989020559704e-14,5.436759989020559704e-14
1.304197465461371525e-02,1.374966268978773665e-02,1.304197465468097221e-02,1.374966268985499361e-02,7.473705049251550513e-03,7.839678512577939393e-03,5.558873278783269672e-03,5.900398393510573360e-03,9.396326578893920238e-06,9.585783699223570994e-06,0.000000000000000000e+00,0.000000000000000000e+00,0.000000000000000000e+00,0.000000000000000000e+00,6.725721600656652065e-14,6.725721600656652065e-14
1.133199709567005338e-02,1.171650873435740176e-02,1.133199709575375899e-02,1.171650873444110737e-02,6.523586805315087674e-03,6.806527316607646066e-03,4.788320381025177978e-03,4.889886194854940749e-03,2.008990932978780585e-05,2.009522289481468617e-05,0.000000000000000000e+00,0.000000000000000000e+00,0.000000000000000000e+00,0.000000000000000000e+00,8.370496324620826775e-14,8.370496324620826775e-14
8.370366169309303300e-03,8.474355433965694365e-03,8.370366169411521881e-03,8.474355434067912946e-03,5.087014128044355446e-03,5.160550317194370455e-03,3.251891905603841726e-03,3.288743565792635621e-03,3.146013566110677888e-05,2.506155097868804460e-05,0.000000000000000000e+00,0.000000000000000000e+00,0.000000000000000000e+00,0.000000000000000000e+00,1.022183944657665046e-13,1.022183944657665046e-13
7.317520236753214356e-03,7.680370208193048470e-03,7.317520236865306983e-03,7.680370208305141097e-03,4.549866429887468137e-03,4.746926349430496093e-03,2.742082910077288990e-03,2.907706519566436235e-03,2.557089678845736141e-05,2.573733919611608792e-05,0.000000000000000000e+00,0.000000000000000000e+00,0.000000000000000000e+00,0.000000000000000000e+00,1.120930373983462771e-13,1.120930373983462771e-13
7.509355533195212484e-03,7.287908013706592344e-03,7.509355533300478107e-03,7.287908013811857967e-03,4.711182084751621042e-03,4.562778805171514504e-03,2.781958008314741864e-03,2.708110815110171318e-03,1.621544012884977446e-05,1.701839342490583509e-05,0.000000000000000000e+00,0.000000000000000000e+00,0.000000000000000000e+00,0.000000000000000000e+00,1.052658980811145998e-13,1.052658980811145998e-13
6.609732888444203730e-03,7.082803345308695195e-03,6.609732888552917116e-03,7.082803345417408580e-03,4.155842298404029654e-03,4.463719195866441662e-03,2.440878672403778548e-03,2.606315612674700143e-03,1.301191763639584974e-05,1.276853676755395519e-05,0.000000000000000000e+00,0.000000000000000000e+00,0.000000000000000000e+00,0.000000000000000000e+00,1.087134848781952775e-13,1.087134848781952775e-13
6.854086524882618825e-03,6.995307584007496096e-03,6.854086524992913411e-03,6.995307584117790682e-03,4.337314114031848300e-03,4.414037323488064456e-03,2.510048948705360765e-03,2.574500834545130450e-03,6.723462145409594097e-06,6.769425974300841885e-06,0.000000000000000000e+00,0.000000000000000000e+00,0.000000000000000000e+00,0.000000000000000000e+00,1.102948701372076973e-13,1.102948701372076973e-13
6.674929015952887033e-03,6.981832299537901743e-03,6.674929016064229392e-03,6.981832299649244102e-03,4.206827918183025927e-03,4.413424374326598357e-03,2.463719648412243668e-03,2.563825811534683249e-03,4.381449357617191714e-06,4.582113676619369749e-06,0.000000000000000000e+00,0.000000000000000000e+00,0.000000000000000000e+00,0.000000000000000000e+00,1.113426439065326416e-13,1.113426439065326416e-13
6.711188624924962348e-03,6.952925290423492971e-03,6.711188625036624764e-03,6.952925290535155387e-03,4.243818570141193701e-03,4.394391246716326284e-03,2.464832043195103010e-03,2.555926229107948356e-03,2.538011588666031102e-06,2.607814599217482443e-06,0.000000000000000000e+00,0.000000000000000000e+00,0.000000000000000000e+00,0.000000000000000000e+00,1.116627192922427082e-13,1.116627192922427082e-13
6.772196482627097433e-03,6.953808258839502474e-03,6.772196482739073833e-03,6.953808258951478874e-03,4.281672722348054023e-03,4.401808546608548464e-03,2.488719687671162115e-03,2.549970893785215905e-03,1.804072607880484675e-06,2.028818445737652885e-06,0.000000000000000000e+00,0.000000000000000000e+00,0.000000000000000000e+00,0.000000000000000000e+00,1.119763336746235377e-13,1.119763336746235377e-13
6.995854943457143274e-03,6.948306056871859232e-03,6.995854943569639224e-03,6.948306056984355182e-03,4.429851451943014537e-03,4.400129204233090528e-03,2.564465057706355033e-03,2.546559383334258755e-03,1.538433807773615187e-06,1.617469304510315758e-06,0.000000000000000000e+00,0.000000000000000000e+00,0.000000000000000000e+00,0.000000000000000000e+00,1.124963227854194457e-13,1.124963227854194457e-13
6.531624273995297568e-03,6.942644778088448258e-03,6.531624274108499550e-03,6.942644778201650241e-03,4.128495360522308442e-03,4.395537819515258314e-03,2.401204149091333128e-03,2.545051360339056767e-03,1.924764381656163014e-06,2.055598234133370853e-06,0.000000000000000000e+00,0.000000000000000000e+00,0.000000000000000000e+00,0.000000000000000000e+00,1.132023553370046590e-13,1.132023553370046590e-13
6.617511580814973773e-03,6.929775908653427671e-03,6.617511580928874849e-03,6.929775908767328747e-03,4.190756133547151978e-03,4.381490183173539742e-03,2.425110658780641436e-03,2.546364441835115115e-03,1.644788487179970113e-06,1.921283644772569109e-06,0.000000000000000000e+00,0.000000000000000000e+00,0.000000000000000000e+00,0.000000000000000000e+00,1.139008139098749682e-13,1.139008139098749682e-13
6.432328520290265909e-03,6.930770654813325250e-03,6.432328520404714291e-03,6.930770654927773632e-03,4.050658711395403039e-03,4.391514467505234186e-03,2.379581774541487341e-03,2.537238665735669536e-03,2.088034353376179354e-06,2.017521572421622575e-06,0.000000000000000000e+00,0.000000000000000000e+00,0.000000000000000000e+00,0.000000000000000000e+00,1.144485638999416028e-13,1.144485638999416028e-13
6.614334335997641527e-03,6.922376288936701004e-03,6.614334336112755175e-03,6.922376289051814652e-03,4.192488381134259860e-03,4.385426663185610155e-03,2.419927505824550316e-03,2.534718757231829364e-03,1.918449038831450434e-06,2.230868519261204571e-06,0.000000000000000000e+00,0.000000000000000000e+00,0.000000000000000000e+00,0.000000000000000000e+00,1.151140814016933926e-13,1.151140814016933926e-13
6.589020817992450804e-03,6.913890678747617799e-03,6.589020818108185483e-03,6.913890678863352478e-03,4.181121145177878716e-03,4.377754732033075843e-03,2.405476693409645816e-03,2.533410477968669246e-03,2.422979404926276867e-06,2.725468745872638766e-06,0.000000000000000000e+00,0.000000000000000000e+00,0.000000000000000000e+00,0.000000000000000000e+00,1.157350616976968513e-13,1.157350616976968513e-13
6.386069924134686604e-03,6.909926761235994641e-03,6.386069924250972057e-03,6.909926761352280095e-03,4.043738859517422360e-03,4.379018340388298423e-03,2.339280710807133644e-03,2.527809473616187720e-03,3.050353810130867859e-06,3.098947231508320572e-06,0.000000000000000000e+00,0.000000000000000000e+00,0.000000000000000000e+00,0.000000000000000000e+00,1.162855037838563064e-13,1.162855037838563064e-13
6.359586273107956794e-03,6.901862167354160839e-03,6.359586273224755726e-03,6.901862167470959770e-03,4.054418083761869573e-03,4.374933236075649601e-03,2.302041478336562096e-03,2.523642089201238396e-03,3.126711009524344395e-06,3.286842077273374040e-06,0.000000000000000000e+00,0.000000000000000000e+00,0.000000000000000000e+00,0.000000000000000000e+00,1.167990362940756718e-13,1.167990362940756718e-13
6.529287876046890350e-03,6.895088757281662463e-03,6.529287876164449091e-03,6.895088757399221203e-03,4.163711709691641887e-03,4.370897296336603149e-03,2.361953234980691992e-03,2.520483350082539358e-03,3.622931374556137016e-06,3.708110862519891809e-06,0.000000000000000000e+00,0.000000000000000000e+00,0.000000000000000000e+00,0.000000000000000000e+00,1.175588397777574233e-13,1.175588397777574233e-13
6.567201509191337473e-03,6.894136564469875716e-03,6.567201509309827760e-03,6.894136564588366003e-03,4.158948177640199410e-03,4.374023925482964890e-03,2.404006834023442521e-03,2.515696820079828255e-03,4.246497527695574083e-06,4.415818907082799387e-06,0.000000000000000000e+00,0.000000000000000000e+00,0.000000000000000000e+00,0.000000000000000000e+00,1.184901334667194476e-13,1.184901334667194476e-13
6.611089859086925410e-03,6.878275319169526412e-03,6.611089859206548472e-03,6.878275319289149474e-03,4.194725385448761293e-03,4.363181639832771665e-03,2.412070363169539679e-03,2.510971890867786088e-03,4.294110468623920617e-06,4.121788468969103272e-06,0.000000000000000000e+00,0.000000000000000000e+00,0.000000000000000000e+00,0.000000000000000000e+00,1.196228925366181082e-13,1.196228925366181082e-13
6.602305312708760081e-03,6.870963671005565244e-03,6.602305312829757043e-03,6.870963671126562207e-03,4.171628970620165980e-03,4.360179998297655096e-03,2.426205156065936938e-03,2.506544560277045985e-03,4.471186022657045124e-06,4.239112430863590092e-06,0.000000000000000000e+00,0.000000000000000000e+00,0.000000000000000000e+00,0.000000000000000000e+00,1.209972144467525785e-13,1.209972144467525785e-13
6.482172724513605815e-03,6.866607377376187857e-03,6.482172724635918565e-03,6.866607377498500607e-03,4.096092204447199583e-03,4.361610240261809719e-03,2.381953417064337948e-03,2.501044361679890041e-03,4.127103002068002698e-06,3.952775434487868229e-06,0.000000000000000000e+00,0.000000000000000000e+00,0.000000000000000000e+00,0.000000000000000000e+00,1.223124948779165399e-13,1.223124948779165399e-13
6.372535639817957648e-03,6.856347450366472029e-03,6.372535639941569706e-03,6.856347450490084088e-03,4.031278476219759925e-03,4.348417804221292246e-03,2.336427126505813065e-03,2.503816730744260095e-03,4.830037092384258829e-06,4.112915400919749033e-06,0.000000000000000000e+00,0.000000000000000000e+00,0.000000000000000000e+00,0.000000000000000000e+00,1.236123137785874843e-13,1.236123137785874843e-13
6.991813946340287751e-03,6.853761264531435700e-03,6.991813946464857377e-03,6.853761264656005325e-03,4.431488366861283459e-03,4.354152251146517667e-03,2.556385538751299643e-03,2.495620299202518707e-03,3.940040727704532788e-06,3.988714182399910106e-06,0.000000000000000000e+00,0.000000000000000000e+00,0.000000000000000000e+00,0.000000000000000000e+00,1.245696541294585798e-13,1.245696541294585798e-13
6.523482332765359257e-03,6.851046353974942632e-03,6.523482332890722518e-03,6.851046354100305893e-03,4.129518237119956907e-03,4.352186123703318497e-03,2.388944564684526185e-03,2.494554945200692410e-03,5.019530960875769854e-06,4.305285070931510445e-06,0.000000000000000000e+00,0.000000000000000000e+00,0.000000000000000000e+00,0.000000000000000000e+00,1.253630648333497438e-13,1.253630648333497438e-13
6.163387900995681047e-03,6.848072903096998412e-03,6.163387901121728657e-03,6.848072903223046022e-03,3.924160489446749944e-03,4.348869496631076539e-03,2.234753529242702094e-03,2.495018628537926889e-03,4.473882306228916197e-06,4.184777927995850091e-06,0.000000000000000000e+00,0.000000000000000000e+00,0.000000000000000000e+00,0.000000000000000000e+00,1.260472096406425688e-13,1.260472096406425688e-13
6.278035399439481010e-03,6.846531226379796303e-03,6.278035399565990056e-03,6.846531226506305350e-03,3.987904708060016450e-03,4.347973282186197788e-03,2.285454190490818563e-03,2.494362231439353327e-03,4.676500888645849783e-06,4.195712754244723712e-06,0.000000000000000000e+00,0.000000000000000000e+00,0.000000000000000000e+00,0.000000000000000000e+00,1.265090632078010646e-13,1.265090632078010646e-13
6.056134217329028381e-03,6.854483057868404269e-03,6.056134217455888709e-03,6.854483057995264597e-03,3.843003648819740773e-03,4.357431092803946970e-03,2.207949194883147229e-03,2.492574279641032124e-03,5.181373626140691218e-06,4.477685423425200887e-06,0.000000000000000000e+00,0.000000000000000000e+00,0.000000000000000000e+00,0.000000000000000000e+00,1.268604250646349657e-13,1.268604250646349657e-13
6.454343014934591297e-03,6.847578814936527113e-03,6.454343015061612086e-03,6.847578815063547902e-03,4.109746444624196027e-03,4.350392189226424261e-03,2.339605192087222674e-03,2.492847369750970585e-03,4.991378223172256502e-06,4.339255959131888236e-06,0.000000000000000000e+00,0.000000000000000000e+00,0.000000000000000000e+00,0.000000000000000000e+00,1.270208175368339279e-13,1.270208175368339279e-13
6.061994622220501922e-03,6.843098849683538522e-03,6.061994622347683173e-03,6.843098849810719773e-03,3.851112171769816971e-03,4.340584328751799850e-03,2.206242049789137842e-03,2.498165968853779863e-03,4.640400661547804408e-06,4.348552077958704794e-06,0.000000000000000000e+00,0.000000000000000000e+00,0.000000000000000000e+00,0.000000000000000000e+00,1.271810323153556770e-13,1.271810323153556770e-13
6.478984207351477266e-03,6.852761981071158956e-03,6.478984207478791224e-03,6.852761981198472914e-03,4.112836470470385662e-03,4.358021697909292107e-03,2.361665548342250717e-03,2.490528333887258652e-03,4.482188538841000140e-06,4.211949274608514484e-06,0.000000000000000000e+00,0.000000000000000000e+00,0.000000000000000000e+00,0.000000000000000000e+00,1.273135543786822329e-13,1.273135543786822329e-13
6.528905392012447455e-03,6.847595726165691538e-03,6.528905392139863761e-03,6.847595726293107844e-03,4.155677196657337966e-03,4.352155636737063162e-03,2.368986634077849263e-03,2.490829837504648057e-03,4.241561277260269724e-06,4.610251923980690425e-06,0.000000000000000000e+00,0.000000000000000000e+00,0.000000000000000000e+00,0.000000000000000000e+00,1.274166325729538172e-13,1.274166325729538172e-13
6.575945262233199272e-03,6.842668908370257153e-03,6.575945262360753489e-03,6.842668908497811370e-03,4.181429077910408555e-03,4.344238359657240020e-03,2.389091719409726540e-03,2.493738839537953597e-03,5.424464913064021712e-06,4.691709175063863155e-06,0.000000000000000000e+00,0.000000000000000000e+00,0.000000000000000000e+00,0.000000000000000000e+00,1.275541387953314291e-13,1.275541387953314291e-13
6.424921620149776254e-03,6.844319438873556170e-03,6.424921620277438024e-03,6.844319439001217940e-03,4.060020405661439458e-03,4.347473668792217923e-03,2.360805785923207264e-03,2.492390321678041119e-03,4.095428565129952604e-06,4.455448403296329474e-06,0.000000000000000000e+00,0.000000000000000000e+00,0.000000000000000000e+00,0.000000000000000000e+00,1.276617060924261916e-13,1.276617060924261916e-13
6.191678683886564505e-03,6.845582049648149536e-03,6.191678684014328624e-03,6.845582049775913655e-03,3.934265126310186426e-03,4.350291226759767267e-03,2.252786899152265775e-03,2.490641672855999252e-03,4.626658424113084040e-06,4.649150032383430111e-06,0.000000000000000000e+00,0.000000000000000000e+00,0.000000000000000000e+00,0.000000000000000000e+00,1.277637962631476412e-13,1.277637962631476412e-13
6.599347426779959662e-03,6.845303034815633514e-03,6.599347426907827864e-03,6.845303034943501716e-03,4.178299247263366802e-03,4.349663818209950454e-03,2.416712747399800583e-03,2.491068155191309384e-03,4.335432116791954693e-06,4.571061414374029584e-06,0.000000000000000000e+00,0.000000000000000000e+00,0.000000000000000000e+00,0.000000000000000000e+00,1.278680353450024438e-13,1.278680353450024438e-13
6.309278495677290641e-03,6.841534402950792335e-03,6.309278495805363540e-03,6.841534403078865234e-03,4.036274913655610655e-03,4.343501954605913894e-03,2.268082643008400255e-03,2.493606851750379636e-03,4.920939013279672211e-06,4.425596594498801354e-06,0.000000000000000000e+00,0.000000000000000000e+00,0.000000000000000000e+00,0.000000000000000000e+00,1.280727391778212099e-13,1.280727391778212099e-13
6.277332367067903901e-03,6.842278233214885153e-03,6.277332367196187569e-03,6.842278233343168821e-03,3.978767751870795032e-03,4.344224913104708860e-03,2.294372097167917193e-03,2.493805420418055384e-03,4.192518029191306792e-06,4.247899692121288939e-06,0.000000000000000000e+00,0.000000000000000000e+00,0.000000000000000000e+00,0.000000000000000000e+00,1.282833448204566534e-13,1.282833448204566534e-13
6.307126690303201458e-03,6.848909070672495880e-03,6.307126690431553648e-03,6.848909070800848070e-03,4.023701967789855387e-03,4.355437873656263850e-03,2.279290183376946229e-03,2.489117064878620597e-03,4.134539136399622156e-06,4.354132137611714022e-06,0.000000000000000000e+00,0.000000000000000000e+00,0.000000000000000000e+00,0.000000000000000000e+00,1.283517597170890233e-13,1.283517597170890233e-13
6.532498502742657698e-03,6.840393258263845373e-03,6.532498502871161676e-03,6.840393258392349352e-03,4.148662397724348257e-03,4.341145307779390762e-03,2.378292333048663033e-03,2.494415868529856369e-03,5.543771969646086701e-06,4.832081954598501035e-06,0.000000000000000000e+00,0.000000000000000000e+00,0.000000000000000000e+00,0.000000000000000000e+00,1.285040700357625808e-13,1.285040700357625808e-13
6.494726424877551689e-03,6.843695294760939948e-03,6.494726425006230874e-03,6.843695294889619134e-03,4.128449534192662508e-03,4.350888567389546609e-03,2.361595571131850767e-03,2.487849498951527974e-03,4.681319553038580299e-06,4.957228419865159045e-06,0.000000000000000000e+00,0.000000000000000000e+00,0.000000000000000000e+00,0.000000000000000000e+00,1.286787743622446188e-13,1.286787743622446188e-13
6.208679248931875047e-03,6.843062048740022885e-03,6.208679249060675663e-03,6.843062048868823501e-03,3.946193414030472850e-03,4.347792405002747981e-03,2.257202425037305518e-03,2.490041611100217434e-03,5.283409864096508700e-06,5.228032637057666301e-06,0.000000000000000000e+00,0.000000000000000000e+00,0.000000000000000000e+00,0.000000000000000000e+00,1.288009395923135276e-13,1.288009395923135276e-13
6.546109871360392303e-03,6.843577267096887136e-03,6.546109871489340370e-03,6.843577267225835203e-03,4.151697479146392034e-03,4.350826105088225794e-03,2.389106320496444270e-03,2.487424892682642448e-03,5.306071717556801033e-06,5.326269326018762678e-06,0.000000000000000000e+00,0.000000000000000000e+00,0.000000000000000000e+00,0.000000000000000000e+00,1.289480879822318855e-13,1.289480879822318855e-13
6.467324809582159981e-03,6.845932405669112771e-03,6.467324809711296266e-03,6.845932405798249056e-03,4.091829792414749221e-03,4.353856695867796243e-03,2.369825799905033153e-03,2.486904695161636439e-03,5.669217262378013029e-06,5.171014639679660480e-06,0.000000000000000000e+00,0.000000000000000000e+00,0.000000000000000000e+00,0.000000000000000000e+00,1.291362343812117207e-13,1.291362343812117207e-13
6.434959360392049181e-03,6.839401159558850668e-03,6.434959360521374551e-03,6.839401159688176038e-03,4.099014790722592221e-03,4.343952228569695172e-03,2.330566210809190911e-03,2.490068046283616492e-03,5.378358860265402832e-06,5.380884705538637899e-06,0.000000000000000000e+00,0.000000000000000000e+00,0.000000000000000000e+00,0.000000000000000000e+00,1.293257363525982574e-13,1.293257363525982574e-13
6.562968933575365205e-03,6.839778895609836644e-03,6.562968933704918691e-03,6.839778895739390130e-03,4.155115754605343513e-03,4.345606974374540375e-03,2.401881744603902216e-03,2.488305278315280228e-03,5.971434366119930182e-06,5.866642920016049289e-06,0.000000000000000000e+00,0.000000000000000000e+00,0.000000000000000000e+00,0.000000000000000000e+00,1.295538661431461813e-13,1.295538661431461813e-13
6.368868465590585802e-03,6.842661919676156293e-03,6.368868465720209544e-03,6.842661919805780035e-03,4.044461261502002407e-03,4.350241679459425706e-03,2.318508335356786552e-03,2.486446130951863297e-03,5.898868731796123451e-06,5.974109264866683947e-06,0.000000000000000000e+00,0.000000000000000000e+00,0.000000000000000000e+00,0.000000000000000000e+00,1.296239036891208840e-13,1.296239036891208840e-13
6.303018690520234384e-03,6.839824932368822330e-03,6.303018690650087977e-03,6.839824932498675923e-03,4.025132231870050779e-03,4.344417102489199142e-03,2.271849070758904209e-03,2.489282178185907215e-03,6.037387891279278845e-06,6.125651693715413831e-06,0.000000000000000000e+00,0.000000000000000000e+00,0.000000000000000000e+00,0.000000000000000000e+00,1.298538421100781298e-13,1.298538421100781298e-13
6.240194271153678626e-03,6.839118519127647053e-03,6.240194271283762938e-03,6.839118519257731364e-03,3.952520845363139031e-03,4.345616603453966546e-03,2.282624438316292140e-03,2.487407128152410198e-03,5.048987474246775795e-06,6.094787521270214115e-06,0.000000000000000000e+00,0.000000000000000000e+00,0.000000000000000000e+00,0.000000000000000000e+00,1.300845118802846224e-13,1.300845118802846224e-13
6.589277918321151048e-03,6.843004554313509777e-03,6.589277918451471282e-03,6.843004554443830011e-03,4.187864463881161257e-03,4.351214201852667343e-03,2.395544887627694755e-03,2.485744849582878675e-03,5.868566812295403074e-06,6.045502877963384918e-06,0.000000000000000000e+00,0.000000000000000000e+00,0.000000000000000000e+00,0.000000000000000000e+00,1.303202325537374694e-13,1.303202325537374694e-13
6.731362512459942819e-03,6.835925814335189199e-03,6.731362512590466016e-03,6.835925814465712395e-03,4.260860412640891937e-03,4.342272235740469999e-03,2.464604928133246487e-03,2.487977699410455056e-03,5.897171685804459949e-06,5.675879184263295140e-06,0.000000000000000000e+00,0.000000000000000000e+00,0.000000000000000000e+00,0.000000000000000000e+00,1.305229169570000699e-13,1.305229169570000699e-13
6.442367899483416628e-03,6.836211506248190094e-03,6.442367899614088143e-03,6.836211506378861609e-03,4.085139980611905697e-03,4.343492728935892562e-03,2.351222280771359755e-03,2.486699133709795607e-03,6.005638100151198213e-06,6.019643602501149921e-06,0.000000000000000000e+00,0.000000000000000000e+00,0.000000000000000000e+00,0.000000000000000000e+00,1.306711265940126648e-13,1.306711265940126648e-13
6.690970054181676584e-03,6.838019451774819679e-03,6.690970054312552796e-03,6.838019451905695892e-03,4.230386760755440456e-03,4.346243756441102099e-03,2.453419020327147603e-03,2.484565549243654241e-03,7.164273099088437963e-06,7.210146090063235156e-06,0.000000000000000000e+00,0.000000000000000000e+00,0.000000000000000000e+00,0.000000000000000000e+00,1.308762965935541459e-13,1.308762965935541459e-13
6.756651404665345306e-03,6.840522139100830602e-03,6.756651404796499075e-03,6.840522139231984371e-03,4.291701534652222864e-03,4.349323321880488834e-03,2.458153332739886239e-03,2.483891579053683265e-03,6.796537273236019019e-06,7.307238166658750926e-06,0.000000000000000000e+00,0.000000000000000000e+00,0.000000000000000000e+00,0.000000000000000000e+00,1.311539680220694444e-13,1.311539680220694444e-13
6.376700522288352227e-03,6.838466690736930836e-03,6.376700522419782684e-03,6.838466690868361293e-03,4.055291343436385164e-03,4.346036099956352393e-03,2.314866092976909651e-03,2.485491978357000711e-03,6.543085875057807232e-06,6.938612423577758427e-06,0.000000000000000000e+00,0.000000000000000000e+00,0.000000000000000000e+00,0.000000000000000000e+00,1.314304479137189092e-13,1.314304479137189092e-13
6.870846475169062849e-03,6.838197493800647793e-03,6.870846475300672850e-03,6.838197493932257794e-03,4.370089130238256556e-03,4.346916413015321744e-03,2.493888103172660613e-03,2.484820858349718990e-03,6.869241758144893758e-06,6.460222435607210563e-06,0.000000000000000000e+00,0.000000000000000000e+00,0.000000000000000000e+00,0.000000000000000000e+00,1.316096113192618354e-13,1.316096113192618354e-13
6.996705502190868516e-03,6.835241569833949704e-03,6.996705502322587804e-03,6.835241569965668992e-03,4.455817977251630251e-03,4.342133284829861710e-03,2.535239217804416759e-03,2.486640298106165218e-03,5.648307134821840101e-06,6.467986897922043601e-06,0.000000000000000000e+00,0.000000000000000000e+00,0.000000000000000000e+00,0.000000000000000000e+00,1.317191805691643188e-13,1.317191805691643188e-13
6.696603928991937821e-03,6.840607935772862261e-03,6.696603929123847061e-03,6.840607935904771501e-03,4.238121364726584080e-03,4.349827049214208784e-03,2.451393706318900131e-03,2.484020100971055713e-03,7.088857946453612961e-06,6.760785587598075615e-06,0.000000000000000000e+00,0.000000000000000000e+00,0.000000000000000000e+00,0.000000000000000000e+00,1.319091220242200840e-13,1.319091220242200840e-13
6.910450477028844650e-03,6.837696336820969431e-03,6.910450477161005425e-03,6.837696336953130206e-03,4.393612550738563126e-03,4.346865903181582579e-03,2.510302595303358971e-03,2.483930686873905055e-03,6.535330986923399201e-06,6.899746765482295800e-06,0.000000000000000000e+00,0.000000000000000000e+00,0.000000000000000000e+00,0.000000000000000000e+00,1.321605429611818575e-13,1.321605429611818575e-13
6.353911224470148479e-03,6.836579722309750820e-03,6.353911224602562524e-03,6.836579722442164865e-03,4.021709518027174156e-03,4.346336197297242902e-03,2.324019151194184861e-03,2.483082244635385471e-03,8.182555248789411510e-06,7.161280377122538368e-06,0.000000000000000000e+00,0.000000000000000000e+00,0.000000000000000000e+00,0.000000000000000000e+00,1.324143967771232148e-13,1.324143967771232148e-13
6.718724969464242962e-03,6.833108021162685383e-03,6.718724969596823540e-03,6.833108021295265962e-03,4.277097664075450549e-03,4.340724331504749664e-03,2.433457916842329035e-03,2.484848761480933001e-03,8.169388546463460680e-06,7.534928177001945309e-06,0.000000000000000000e+00,0.000000000000000000e+00,0.000000000000000000e+00,0.000000000000000000e+00,1.325804461359389442e-13,1.325804461359389442e-13
6.660814123880812003e-03,6.835037286288670258e-03,6.660814124013664933e-03,6.835037286421523188e-03,4.211756950866498046e-03,4.342937009174578471e-03,2.441809042972477219e-03,2.484758050073014850e-03,7.248130041836806854e-06,7.342227041077017240e-06,0.000000000000000000e+00,0.000000000000000000e+00,0.000000000000000000e+00,0.000000000000000000e+00,1.328525215003532208e-13,1.328525215003532208e-13
6.223290056093383656e-03,6.838355278647291827e-03,6.223290056226511539e-03,6.838355278780419710e-03,3.954114542263651409e-03,4.348948833217834188e-03,2.260679872246269817e-03,2.481839925610812396e-03,8.495641583462229469e-06,7.566519818644931729e-06,0.000000000000000000e+00,0.000000000000000000e+00,0.000000000000000000e+00,0.000000000000000000e+00,1.331278453690594613e-13,1.331278453690594613e-13
6.310346228842498434e-03,6.841007072110476955e-03,6.310346228975803259e-03,6.841007072243781781e-03,3.996444977014352272e-03,4.352028216951389118e-03,2.305812838932661587e-03,2.481024373774493638e-03,8.088412895485361112e-06,7.954481384594789129e-06,0.000000000000000000e+00,0.000000000000000000e+00,0.000000000000000000e+00,0.000000000000000000e+00,1.333050498797610984e-13,1.333050498797610984e-13
7.100169746043849019e-03,6.832987279362025268e-03,7.100169746177499921e-03,6.832987279495676171e-03,4.510227323090437550e-03,4.339662445548022295e-03,2.581294488478604824e-03,2.485685502202578199e-03,8.647934474806343329e-06,7.639331611424752576e-06,0.000000000000000000e+00,0.000000000000000000e+00,0.000000000000000000e+00,0.000000000000000000e+00,1.336510125693439481e-13,1.336510125693439481e-13
6.360251080886677490e-03,6.833288762327019948e-03,6.360251081020523549e-03,6.833288762460866007e-03,4.059845479641690374e-03,4.341658605627719825e-03,2.293602590216723639e-03,2.484557563043277885e-03,6.803011028264146912e-06,7.072593656022253797e-06,0.000000000000000000e+00,0.000000000000000000e+00,0.000000000000000000e+00,0.000000000000000000e+00,1.338456968198090394e-13,1.338456968198090394e-13
6.339838676930662116e-03,6.836339806223556970e-03,6.339838677064724148e-03,6.836339806357619002e-03,4.022080753442868785e-03,4.346939953386218247e-03,2.309573265654557908e-03,2.481605183866758633e-03,8.184657833235324808e-06,7.794668970580558902e-06,0.000000000000000000e+00,0.000000000000000000e+00,0.000000000000000000e+00,0.000000000000000000e+00,1.340616015209521243e-13,1.340616015209521243e-13
6.131891988876909602e-03,6.833293343865238199e-03,6.131891989011206689e-03,6.833293343999535287e-03,3.886687584685714989e-03,4.343755728592991854e-03,2.236759203853686592e-03,2.481650651505476913e-03,8.445200337507928286e-06,7.886963766768904428e-06,0.000000000000000000e+00,0.000000000000000000e+00,0.000000000000000000e+00,0.000000000000000000e+00,1.342972181679523003e-13,1.342972181679523003e-13
6.567910351647002903e-03,6.830270012565734308e-03,6.567910351781528974e-03,6.830270012700260379e-03,4.186348853367923527e-03,4.339220160048709932e-03,2.373786155250925956e-03,2.482620754018236356e-03,7.775343028153385523e-06,8.429098498788071577e-06,0.000000000000000000e+00,0.000000000000000000e+00,0.000000000000000000e+00,0.000000000000000000e+00,1.345258772640605349e-13,1.345258772640605349e-13
6.550636549954673253e-03,6.832567950668319567e-03,6.550636550089413562e-03,6.832567950803059877e-03,4.186807519365316234e-03,4.344271379692017654e-03,2.354432200047229702e-03,2.479753867191545474e-03,9.396830542127171420e-06,8.542703784756625448e-06,0.000000000000000000e+00,0.000000000000000000e+00,0.000000000000000000e+00,0.000000000000000000e+00,1.347401825576481160e-13,1.347401825576481160e-13
6.179053695279339634e-03,6.830336311280757466e-03,6.179053695414328876e-03,6.830336311415746708e-03,3.895911725953772956e-03,4.340923700538903800e-03,2.273256120920888728e-03,2.480098040227568697e-03,9.885848404677336784e-06,9.314570514285342654e-06,0.000000000000000000e+00,0.000000000000000000e+00,0.000000000000000000e+00,0.000000000000000000e+00,1.349888561498225758e-13,1.349888561498225758e-13
6.613298266829777984e-03,6.829690330544401985e-03,6.613298266965067333e-03,6.829690330679691335e-03,4.218482446949021157e-03,4.338488148597749276e-03,2.386513364858112302e-03,2.481830547188745243e-03,8.302455022644427139e-06,9.371634757906937619e-06,0.000000000000000000e+00,0.000000000000000000e+00,0.000000000000000000e+00,0.000000000000000000e+00,1.352893854437889625e-13,1.352893854437889625e-13
6.996259970594776757e-03,6.830065235211656323e-03,6.996259970730355805e-03,6.830065235347235371e-03,4.438849613567509220e-03,4.341313029620565839e-03,2.548573595777296578e-03,2.479761457482081762e-03,8.836761249971147172e-06,8.990748109008489896e-06,0.000000000000000000e+00,0.000000000000000000e+00,0.000000000000000000e+00,0.000000000000000000e+00,1.355791286473183767e-13,1.355791286473183767e-13
6.306930996467962486e-03,6.829599170686096767e-03,6.306930996603740160e-03,6.829599170821874440e-03,4.002423546701016667e-03,4.339111244784771976e-03,2.295924007205032980e-03,2.481718118959785977e-03,8.583442561912409038e-06,8.769806941539213510e-06,0.000000000000000000e+00,0.000000000000000000e+00,0.000000000000000000e+00,0.000000000000000000e+00,1.357773366449169666e-13,1.357773366449169666e-13
6.558838182189606278e-03,6.834677322150324585e-03,6.558838182325776867e-03,6.834677322286495174e-03,4.144209807471680926e-03,4.343760666587891117e-03,2.405788294222406705e-03,2.482137388198094475e-03,8.840080495518896136e-06,8.779267364339389735e-06,0.000000000000000000e+00,0.000000000000000000e+00,0.000000000000000000e+00,0.000000000000000000e+00,1.361709674561935644e-13,1.361709674561935644e-13
6.701293743753593095e-03,6.829875250300042853e-03,6.701293743889894655e-03,6.829875250436344414e-03,4.262410061902094892e-03,4.338520037156369351e-03,2.430514560829364224e-03,2.481770178303880671e-03,8.369121022133789141e-06,9.585034839792467494e-06,0.000000000000000000e+00,0.000000000000000000e+00,0.000000000000000000e+00,0.000000000000000000e+00,1.363018012039978473e-13,1.363018012039978473e-13
6.491571730936365921e-03,6.827329369627187401e-03,6.491571731072955445e-03,6.827329369763776926e-03,4.128860892439730444e-03,4.333822180707102255e-03,2.353639235990151284e-03,2.484256385960354179e-03,9.071602506484433476e-06,9.250802959731702476e-06,0.000000000000000000e+00,0.000000000000000000e+00,0.000000000000000000e+00,0.000000000000000000e+00,1.365898833206670897e-13,1.365898833206670897e-13
6.350688215325960354e-03,6.831654166067033761e-03,6.350688215462851720e-03,6.831654166203925127e-03,4.025236474104254732e-03,4.345222779184035149e-03,2.316272331091856051e-03,2.477236366239444435e-03,9.179410129850260511e-06,9.195020643553538230e-06,0.000000000000000000e+00,0.000000000000000000e+00,0.000000000000000000e+00,0.000000000000000000e+00,1.368917557357329571e-13,1.368917557357329571e-13
6.847719157422578820e-03,6.835305641851390467e-03,6.847719157559688762e-03,6.835305641988500408e-03,4.337148932603961810e-03,4.347333445752980634e-03,2.499667230072231787e-03,2.476967547207836826e-03,1.090299474638539475e-05,1.100464889057260503e-05,0.000000000000000000e+00,0.000000000000000000e+00,0.000000000000000000e+00,0.000000000000000000e+00,1.371103532419458249e-13,1.371103532419458249e-13
6.568286277680833625e-03,6.824438845454298096e-03,6.568286277818240204e-03,6.824438845591704675e-03,4.174232649696998400e-03,4.332118719513698875e-03,2.382890582968851065e-03,2.480886592272319151e-03,1.116304501498404785e-05,1.143353366828081476e-05,0.000000000000000000e+00,0.000000000000000000e+00,0.000000000000000000e+00,0.000000000000000000e+00,1.374068464449503591e-13,1.374068464449503591e-13
6.320523295577237799e-03,6.827325511987567333e-03,6.320523295714976578e-03,6.827325512125306112e-03,4.025244050797334959e-03,4.339806090486830574e-03,2.283574331753998425e-03,2.476941800041681206e-03,1.170491302590454698e-05,1.057762145905527502e-05,0.000000000000000000e+00,0.000000000000000000e+00,0.000000000000000000e+00,0.000000000000000000e+00,1.377390248279841660e-13,1.377390248279841660e-13
6.378193571071250068e-03,6.827304750238611872e-03,6.378193571209257728e-03,6.827304750376619533e-03,4.048124234531999890e-03,4.339500477283245519e-03,2.320838521678344601e-03,2.477137442737696246e-03,9.230814860904944488e-06,1.066683021767029096e-05,0.000000000000000000e+00,0.000000000000000000e+00,0.000000000000000000e+00,0.000000000000000000e+00,1.380075692560573198e-13,1.380075692560573198e-13
6.305926135430143555e-03,6.829953566230781599e-03,6.305926135568393209e-03,6.829953566369031254e-03,3.999199589070394183e-03,4.343213570115969473e-03,2.294226769167867323e-03,2.476043663232780148e-03,1.249977719188195199e-05,1.069633288203231011e-05,0.000000000000000000e+00,0.000000000000000000e+00,0.000000000000000000e+00,0.000000000000000000e+00,1.382499288187836786e-13,1.382499288187836786e-13
6.221858279548397701e-03,6.826823388222406572e-03,6.221858279686942259e-03,6.826823388360951129e-03,3.952480171727466851e-03,4.339481719673045183e-03,2.257361295468122454e-03,2.475915360631369359e-03,1.201681235280837838e-05,1.142630791799196198e-05,0.000000000000000000e+00,0.000000000000000000e+00,0.000000000000000000e+00,0.000000000000000000e+00,1.385443893094335497e-13,1.385443893094335497e-13
6.829941226663014710e-03,6.825483234899377971e-03,6.829941226801763965e-03,6.825483235038127226e-03,4.364555873735115506e-03,4.335807482725610902e-03,2.453810221841170713e-03,2.477825833307668434e-03,1.157513108672907412e-05,1.184991886609898879e-05,0.000000000000000000e+00,0.000000000000000000e+00,0.000000000000000000e+00,0.000000000000000000e+00,1.387493217162481944e-13,1.387493217162481944e-13
6.462345870894102909e-03,6.826605525138525025e-03,6.462345871033204313e-03,6.826605525277626429e-03,4.133256399112730795e-03,4.338780954325685731e-03,2.318021907693640273e-03,2.476113385612137112e-03,1.106756408773127699e-05,1.171118520070256247e-05,0.000000000000000000e+00,0.000000000000000000e+00,0.000000000000000000e+00,0.000000000000000000e+00,1.391016431655227294e-13,1.391016431655227294e-13
6.027581910577783052e-03,6.828329655262112101e-03,6.027581910717267830e-03,6.828329655401596879e-03,3.826079300285041649e-03,4.342078728411988796e-03,2.188630602532867786e-03,2.474139115108432967e-03,1.287200775987444171e-05,1.211181174169093573e-05,0.000000000000000000e+00,0.000000000000000000e+00,0.000000000000000000e+00,0.000000000000000000e+00,1.394848779902084011e-13,1.394848779902084011e-13
6.549485207752636130e-03,6.826096679783023521e-03,6.549485207892307391e-03,6.826096679922694782e-03,4.146858691882155529e-03,4.337097495294232538e-03,2.389138984588464864e-03,2.476044748047990032e-03,1.348753128201513120e-05,1.295443644080070708e-05,0.000000000000000000e+00,0.000000000000000000e+00,0.000000000000000000e+00,0.000000000000000000e+00,1.396709762527986944e-13,1.396709762527986944e-13
6.772002974149656830e-03,6.822953507360353907e-03,6.772002974289608249e-03,6.822953507500305326e-03,4.323682710560140807e-03,4.334934599647812664e-03,2.436293724095526126e-03,2.476102224581972367e-03,1.202653949399043560e-05,1.191668313056970438e-05,0.000000000000000000e+00,0.000000000000000000e+00,0.000000000000000000e+00,0.000000000000000000e+00,1.399517907016907329e-13,1.399517907016907329e-13
6.430606048424674162e-03,6.823329232244232032e-03,6.430606048564910943e-03,6.823329232384468812e-03,4.078238364127806555e-03,4.335981755165674821e-03,2.339976227616983109e-03,2.475367833377791708e-03,1.239145667988475381e-05,1.197964370076538083e-05,0.000000000000000000e+00,0.000000000000000000e+00,0.000000000000000000e+00,0.000000000000000000e+00,1.402368786903915110e-13,1.402368786903915110e-13
6.896379866435820884e-03,6.825009314266793081e-03,6.896379866576371649e-03,6.825009314407343847e-03,4.370603014666143982e-03,4.338220534482560911e-03,2.513450256300149045e-03,2.473849977749476622e-03,1.232659546952818035e-05,1.293880203475549417e-05,0.000000000000000000e+00,0.000000000000000000e+00,0.000000000000000000e+00,0.000000000000000000e+00,1.405511972649522734e-13,1.405511972649522734e-13
6.464989246324794742e-03,6.824894300663208492e-03,6.464989246465673370e-03,6.824894300804087120e-03,4.108374998582663314e-03,4.338997890159530975e-03,2.341220360971004149e-03,2.472175280772785731e-03,1.539388677112770598e-05,1.372112973089141903e-05,0.000000000000000000e+00,0.000000000000000000e+00,0.000000000000000000e+00,0.000000000000000000e+00,1.408788847802424299e-13,1.408788847802424299e-13
6.296977794303369215e-03,6.820455958815880432e-03,6.296977794444609533e-03,6.820455958957120750e-03,4.009055079901342571e-03,4.332044998032885674e-03,2.274374592171953847e-03,2.474946120185559859e-03,1.354812223007274435e-05,1.346484059743490400e-05,0.000000000000000000e+00,0.000000000000000000e+00,0.000000000000000000e+00,0.000000000000000000e+00,1.412406612881429066e-13,1.412406612881429066e-13
6.425249490415711577e-03,6.819779813664387375e-03,6.425249490557361290e-03,6.819779813806037087e-03,4.075122049489861460e-03,4.331733548085969776e-03,2.336718551658968288e-03,2.474534288697425363e-03,1.340888926688159897e-05,1.351197688099217158e-05,0.000000000000000000e+00,0.000000000000000000e+00,0.000000000000000000e+00,0.000000000000000000e+00,1.416498652233111490e-13,1.416498652233111490e-13
6.688271643765437632e-03,6.825859818017297222e-03,6.688271643907371840e-03,6.825859818159231429e-03,4.273799650316886280e-03,4.340831149524203639e-03,2.402337809587858607e-03,2.471315935998239389e-03,1.213418386069268333e-05,1.371273249485472098e-05,0.000000000000000000e+00,0.000000000000000000e+00,0.000000000000000000e+00,0.000000000000000000e+00,1.419341276361412482e-13,1.419341276361412482e-13
6.520611254632093998e-03,6.828985298934505711e-03,6.520611254774369946e-03,6.828985299076781659e-03,4.142657369092378299e-03,4.344072025867934568e-03,2.361798575397200829e-03,2.470578287889141529e-03,1.615531014251415904e-05,1.433498517742962600e-05,0.000000000000000000e+00,0.000000000000000000e+00,0.000000000000000000e+00,0.000000000000000000e+00,1.422758516946189333e-13,1.422758516946189333e-13
6.397207884995759208e-03,6.824724484921717259e-03,6.397207885138458429e-03,6.824724485064416479e-03,4.068102683231020027e-03,4.333811796372199002e-03,2.312580370228120574e-03,2.476229023657553711e-03,1.652483153661849562e-05,1.468366489196530535e-05,0.000000000000000000e+00,0.000000000000000000e+00,0.000000000000000000e+00,0.000000000000000000e+00,1.426994782502397739e-13,1.426994782502397739e-13
6.965833064156616052e-03,6.816868398548812241e-03,6.965833064299716861e-03,6.816868398691913050e-03,4.429143697409168579e-03,4.329759546978441571e-03,2.521647141068969998e-03,2.472331722916039885e-03,1.504222567847775446e-05,1.477712865433041857e-05,0.000000000000000000e+00,0.000000000000000000e+00,0.000000000000000000e+00,0.000000000000000000e+00,1.431006456395348823e-13,1.431006456395348823e-13
7.225318577466864796e-03,6.818637551313387959e-03,7.225318577610388010e-03,6.818637551456911174e-03,4.615238665504744001e-03,4.333897336390133380e-03,2.595366144517601004e-03,2.469590695187562270e-03,1.471376744451968321e-05,1.514951973569275657e-05,0.000000000000000000e+00,0.000000000000000000e+00,0.000000000000000000e+00,0.000000000000000000e+00,1.435232689718583040e-13,1.435232689718583040e-13
6.877987254697697297e-03,6.819476349154549553e-03,6.877987254841605620e-03,6.819476349298457876e-03,4.379303796007153610e-03,4.334501179075093448e-03,2.480710868222686140e-03,2.468340370395339690e-03,1.797259046785751405e-05,1.663479968411675722e-05,0.000000000000000000e+00,0.000000000000000000e+00,0.000000000000000000e+00,0.000000000000000000e+00,1.439083003207333430e-13,1.439083003207333430e-13
6.434181932885216747e-03,6.815422663135660766e-03,6.434181933029627272e-03,6.815422663280071292e-03,4.095531748102319153e-03,4.328767645909071746e-03,2.321777751557646974e-03,2.470534207196325126e-03,1.687243322525073801e-05,1.612081003026365769e-05,0.000000000000000000e+00,0.000000000000000000e+00,0.000000000000000000e+00,0.000000000000000000e+00,1.444103370456373540e-13,1.444103370456373540e-13
6.521612449356609630e-03,6.817974204851085830e-03,6.521612449501400927e-03,6.817974204995877127e-03,4.144143493642673051e-03,4.333837690278012807e-03,2.363628236250746827e-03,2.468319226098382706e-03,1.384071946318999063e-05,1.581728847469110992e-05,0.000000000000000000e+00,0.000000000000000000e+00,0.000000000000000000e+00,0.000000000000000000e+00,1.447912829503163886e-13,1.447912829503163886e-13
6.314692777802396496e-03,6.815371722051532036e-03,6.314692777947539942e-03,6.815371722196675482e-03,4.029115995822481547e-03,4.331852543387012221e-03,2.266319097420880970e-03,2.466354408337571250e-03,1.925768455903326793e-05,1.716477032694787021e-05,0.000000000000000000e+00,0.000000000000000000e+00,0.000000000000000000e+00,0.000000000000000000e+00,1.451433639294998929e-13,1.451433639294998929e-13
6.242392679823058343e-03,6.809502933424441302e-03,6.242392679968723074e-03,6.809502933570106033e-03,3.967287457896652783e-03,4.321210399871030193e-03,2.257966578550130252e-03,2.470455898815540098e-03,1.713864337627602974e-05,1.783663473787095374e-05,0.000000000000000000e+00,0.000000000000000000e+00,0.000000000000000000e+00,0.000000000000000000e+00,1.456647868592250932e-13,1.456647868592250932e-13
6.497788757280906387e-03,6.818258949694950069e-03,6.497788757427166127e-03,6.818258949841209809e-03,4.124775580695009235e-03,4.333011856130337958e-03,2.353930103285537846e-03,2.467043843927892340e-03,1.908307330035914664e-05,1.820324963672003275e-05,0.000000000000000000e+00,0.000000000000000000e+00,0.000000000000000000e+00,0.000000000000000000e+00,1.462594051143277552e-13,1.462594051143277552e-13
6.409607106810043774e-03,6.812308023263121889e-03,6.409607106956763216e-03,6.812308023409841332e-03,4.045319799721706737e-03,4.327090723521185255e-03,2.346793246720276383e-03,2.466326113911270195e-03,1.749406036806015898e-05,1.889118583066684630e-05,0.000000000000000000e+00,0.000000000000000000e+00,0.000000000000000000e+00,0.000000000000000000e+00,1.467197157080407165e-13,1.467197157080407165e-13
6.174236849131850384e-03,6.811000142066831603e-03,6.174236849279131009e-03,6.811000142214112228e-03,3.952510044682016124e-03,4.324420513860244113e-03,2.203197954762797089e-03,2.468724133724493983e-03,1.852884968703694661e-05,1.785549448209345619e-05,0.000000000000000000e+00,0.000000000000000000e+00,0.000000000000000000e+00,0.000000000000000000e+00,1.472803806880854637e-13,1.472803806880854637e-13
6.274575342335045845e-03,6.807453954207611999e-03,6.274575342482885919e-03,6.807453954355452072e-03,3.963050953247904303e-03,4.324599577100913216e-03,2.288012513409096345e-03,2.465131047053785527e-03,2.351187567804483876e-05,1.772333005291252083e-05,0.000000000000000000e+00,0.000000000000000000e+00,0.000000000000000000e+00,0.000000000000000000e+00,1.478397285462067381e-13,1.478397285462067381e-13
6.398148627384580255e-03,6.810528572387694254e-03,6.398148627533003195e-03,6.810528572536117195e-03,4.055545542857233801e-03,4.328358357695307433e-03,2.320442559147769136e-03,2.462561936910931479e-03,2.216052537957771427e-05,1.960827778145467090e-05,0.000000000000000000e+00,0.000000000000000000e+00,0.000000000000000000e+00,0.000000000000000000e+00,1.484229275011591144e-13,1.484229275011591144e-13
6.551612650423655967e-03,6.808307654077147900e-03,6.551612650572701674e-03,6.808307654226193606e-03,4.150626874881812971e-03,4.318817694076475082e-03,2.379816455008972216e-03,2.468808554219240666e-03,2.116932053287064172e-05,2.068140578143242938e-05,0.000000000000000000e+00,0.000000000000000000e+00,0.000000000000000000e+00,0.000000000000000000e+00,1.490455881206787979e-13,1.490455881206787979e-13
6.432690584465952655e-03,6.807203908444700059e-03,6.432690584615675770e-03,6.807203908594423175e-03,4.086487221592031809e-03,4.324266201297859678e-03,2.325255250799089859e-03,2.463377686972540153e-03,2.094811207483098314e-05,1.956002017430090892e-05,0.000000000000000000e+00,0.000000000000000000e+00,0.000000000000000000e+00,0.000000000000000000e+00,1.497232922310295965e-13,1.497232922310295965e-13
6.331434994793713918e-03,6.804784060113274087e-03,6.331434994944151740e-03,6.804784060263711909e-03,4.013462897783402934e-03,4.324063745875396554e-03,2.292831341575719047e-03,2.459279658838459028e-03,2.514075543459249175e-05,2.144065539941918567e-05,0.000000000000000000e+00,0.000000000000000000e+00,0.000000000000000000e+00,0.000000000000000000e+00,1.504376604511986558e-13,1.504376604511986558e-13
6.729752142923818049e-03,6.803758363490679424e-03,6.729752143074960169e-03,6.803758363641821544e-03,4.266003678625232380e-03,4.323827931073074247e-03,2.438817475383706600e-03,2.457925010228150051e-03,2.493098891487945573e-05,2.200542218945503051e-05,0.000000000000000000e+00,0.000000000000000000e+00,0.000000000000000000e+00,0.000000000000000000e+00,1.511417122621538470e-13,1.511417122621538470e-13
6.386084155681495678e-03,6.801240685530006089e-03,6.386084155833420158e-03,6.801240685681930569e-03,4.035418308408996076e-03,4.320930292948835065e-03,2.326111263888325752e-03,2.457914167616721129e-03,2.455458338417344376e-05,2.239622496445027033e-05,0.000000000000000000e+00,0.000000000000000000e+00,0.000000000000000000e+00,0.000000000000000000e+00,1.519244623070507811e-13,1.519244623070507811e-13
6.589073105532255656e-03,6.800024441813094789e-03,6.589073105685009334e-03,6.800024441965848467e-03,4.188547668216527180e-03,4.315638824560864145e-03,2.377079831299838252e-03,2.462379202195526598e-03,2.344560601589048483e-05,2.200641505670440138e-05,0.000000000000000000e+00,0.000000000000000000e+00,0.000000000000000000e+00,0.000000000000000000e+00,1.527538259835757501e-13,1.527538259835757501e-13
6.901631711483206637e-03,6.800237567577117025e-03,6.901631711636667214e-03,6.800237567730577602e-03,4.377006616744842822e-03,4.321788356777682936e-03,2.502012629711486587e-03,2.455513196415886473e-03,2.261246502687709912e-05,2.293601438354743872e-05,0.000000000000000000e+00,0.000000000000000000e+00,0.000000000000000000e+00,0.000000000000000000e+00,1.534607422592669894e-13,1.534607422592669894e-13
6.585288170431312198e-03,6.792564728091826480e-03,6.585288170585605443e-03,6.792564728246119725e-03,4.166539460035724278e-03,4.311999732466202662e-03,2.394709010570369306e-03,2.456679313836978348e-03,2.403969982521875228e-05,2.388568178864477277e-05,0.000000000000000000e+00,0.000000000000000000e+00,0.000000000000000000e+00,0.000000000000000000e+00,1.542931196172477792e-13,1.542931196172477792e-13
6.391261988560044231e-03,6.792321686852531050e-03,6.391261988715266421e-03,6.792321687007753239e-03,4.063450692268035999e-03,4.314332656901432271e-03,2.301322759890768108e-03,2.453713057257411213e-03,2.648853640124052090e-05,2.427597269368720641e-05,0.000000000000000000e+00,0.000000000000000000e+00,0.000000000000000000e+00,0.000000000000000000e+00,1.552223547675558161e-13,1.552223547675558161e-13
6.423077774937855332e-03,6.792619372904673894e-03,6.423077775094095804e-03,6.792619373060914366e-03,4.070999453952723127e-03,4.315036153638717592e-03,2.325511449994741714e-03,2.450540907269770346e-03,2.656687099039036246e-05,2.704231199618578328e-05,0.000000000000000000e+00,0.000000000000000000e+00,0.000000000000000000e+00,0.000000000000000000e+00,1.562406881417379089e-13,1.562406881417379089e-13
6.658253409653655877e-03,6.788484427378443410e-03,6.658253409810973612e-03,6.788484427535761145e-03,4.213595313388157973e-03,4.311786290969069763e-03,2.418237585233007185e-03,2.448748668350556480e-03,2.642051103249074286e-05,2.794946805881786260e-05,0.000000000000000000e+00,0.000000000000000000e+00,0.000000000000000000e+00,0.000000000000000000e+00,1.573178621092914140e-13,1.573178621092914140e-13
6.713077505005733865e-03,6.782930108770044569e-03,6.713077505164239886e-03,6.782930108928550590e-03,4.250541644895250958e-03,4.306085562566583889e-03,2.434446673836944408e-03,2.449990147313966995e-03,2.808918627353838431e-05,2.685439888949371222e-05,0.000000000000000000e+00,0.000000000000000000e+00,0.000000000000000000e+00,0.000000000000000000e+00,1.585060880599289886e-13,1.585060880599289886e-13
6.311726955747257520e-03,6.790742313018485916e-03,6.311726955906965704e-03,6.790742313178194101e-03,3.977443888999569917e-03,4.314804901893664994e-03,2.307522786038081631e-03,2.448988624572383428e-03,2.676028070960548757e-05,2.694878655243709414e-05,0.000000000000000000e+00,0.000000000000000000e+00,0.000000000000000000e+00,0.000000000000000000e+00,1.597084867904116068e-13,1.597084867904116068e-13
6.453586150928561187e-03,6.778342112374768046e-03,6.453586151089487147e-03,6.778342112535694006e-03,4.078360540970754795e-03,4.299314880750068624e-03,2.343608200350938593e-03,2.449543034438798374e-03,3.161740960686811665e-05,2.948419718590115324e-05,0.000000000000000000e+00,0.000000000000000000e+00,0.000000000000000000e+00,0.000000000000000000e+00,1.609263686201639468e-13,1.609263686201639468e-13
6.802987737382560317e-03,6.777327142539401814e-03,6.802987737544879260e-03,6.777327142701720757e-03,4.309796724170890207e-03,4.303780372116418514e-03,2.461977711724495053e-03,2.443949410304924533e-03,3.121330148717546944e-05,2.959736011805847250e-05,0.000000000000000000e+00,0.000000000000000000e+00,0.000000000000000000e+00,0.000000000000000000e+00,1.623187181937238416e-13,1.623187181937238416e-13
6.613522069323297253e-03,6.783727808637498788e-03,6.613522069487104589e-03,6.783727808801306124e-03,4.196887393809652263e-03,4.302278637888754496e-03,2.384973086714680876e-03,2.450926497831405846e-03,3.166158879896435171e-05,3.052267291733793048e-05,0.000000000000000000e+00,0.000000000000000000e+00,0.000000000000000000e+00,0.000000000000000000e+00,1.638070647483947735e-13,1.638070647483947735e-13
6.555242790934956605e-03,6.780387269504659607e-03,6.555242791100090137e-03,6.780387269669793139e-03,4.169670806670243944e-03,4.299700799703336587e-03,2.351859521983761751e-03,2.450121285705320930e-03,3.371246228095058518e-05,3.056518409600171771e-05,0.000000000000000000e+00,0.000000000000000000e+00,0.000000000000000000e+00,0.000000000000000000e+00,1.651338481525560187e-13,1.651338481525560187e-13
6.205069182051740559e-03,6.768288470263787021e-03,6.205069182218497792e-03,6.768288470430544254e-03,3.930875485798934407e-03,4.296346248174848226e-03,2.240630059882167766e-03,2.440277439092366010e-03,3.356363637063875812e-05,3.166478299657249368e-05,0.000000000000000000e+00,0.000000000000000000e+00,0.000000000000000000e+00,0.000000000000000000e+00,1.667570775765120231e-13,1.667570775765120231e-13
6.140526164997853371e-03,6.765721089030256839e-03,6.140526165166116344e-03,6.765721089198519812e-03,3.877992058501002898e-03,4.295608219279024864e-03,2.227368589226393341e-03,2.437752574631103179e-03,3.516551727045633986e-05,3.236029512012929797e-05,0.000000000000000000e+00,0.000000000000000000e+00,0.000000000000000000e+00,0.000000000000000000e+00,1.682632731691897041e-13,1.682632731691897041e-13
6.642177136722403341e-03,6.758783157605634251e-03,6.642177136892244912e-03,6.758783157775475822e-03,4.200766942778336177e-03,4.290127523553846460e-03,2.406664887080537264e-03,2.433921111085582487e-03,3.474530686353001567e-05,3.473452296620511384e-05,0.000000000000000000e+00,0.000000000000000000e+00,0.000000000000000000e+00,0.000000000000000000e+00,1.698418605296422010e-13,1.698418605296422010e-13
6.406030722963636931e-03,6.752652193229060837e-03,6.406030723135252257e-03,6.752652193400676163e-03,4.047081155337044558e-03,4.283481418802623231e-03,2.325061180255822649e-03,2.435322172850729137e-03,3.388838737077031247e-05,3.384860157570933006e-05,0.000000000000000000e+00,0.000000000000000000e+00,0.000000000000000000e+00,0.000000000000000000e+00,1.716157444936481404e-13,1.716157444936481404e-13
6.144554867741846248e-03,6.755461498146622841e-03,6.144554867915262217e-03,6.755461498320038810e-03,3.904241669619247772e-03,4.287262132753312700e-03,2.204850667619485255e-03,2.432955026711143814e-03,3.546253050311279337e-05,3.524433868216673353e-05,0.000000000000000000e+00,0.000000000000000000e+00,0.000000000000000000e+00,0.000000000000000000e+00,1.734159232437897916e-13,1.734159232437897916e-13
6.470180427715978809e-03,6.748157427427192885e-03,6.470180427891594407e-03,6.748157427602808484e-03,4.108764864289876639e-03,4.283085242606106055e-03,2.318236000900162318e-03,2.427015016964846009e-03,4.317956252593949953e-05,3.805716785624117983e-05,0.000000000000000000e+00,0.000000000000000000e+00,0.000000000000000000e+00,0.000000000000000000e+00,1.756158231101559198e-13,1.756158231101559198e-13
6.309496276722831656e-03,6.736669053314423873e-03,6.309496276900804744e-03,6.736669053492396961e-03,3.997781318236918319e-03,4.272461863271459492e-03,2.269655475558044529e-03,2.424612663699429651e-03,4.205948292786813067e-05,3.959452634353389638e-05,0.000000000000000000e+00,0.000000000000000000e+00,0.000000000000000000e+00,0.000000000000000000e+00,1.779729539212880988e-13,1.779729539212880988e-13
5.848522667054057052e-03,6.730619601811322315e-03,5.848522667234471763e-03,6.730619601991737026e-03,3.678590664733077421e-03,4.266102023055849679e-03,2.126979082520424284e-03,2.421667453731700826e-03,4.295291980055524519e-05,4.285012502377237266e-05,0.000000000000000000e+00,0.000000000000000000e+00,0.000000000000000000e+00,0.000000000000000000e+00,1.804148958565743718e-13,1.804148958565743718e-13
6.538128383704299058e-03,6.721755611237695271e-03,6.538128383887581267e-03,6.721755611420977480e-03,4.127234179336405559e-03,4.257129809235313429e-03,2.359740034087010919e-03,2.420700745606811557e-03,5.115417028088232917e-05,4.392505639557040057e-05,0.000000000000000000e+00,0.000000000000000000e+00,0.000000000000000000e+00,0.000000000000000000e+00,1.832824504429877097e-13,1.832824504429877097e-13
6.497227361850366027e-03,6.715401793503282361e-03,6.497227362036639767e-03,6.715401793689556101e-03,4.118484111309807238e-03,4.255218908998673923e-03,2.329269813894122368e-03,2.415985009834994198e-03,4.947343664643671902e-05,4.419787466961430162e-05,0.000000000000000000e+00,0.000000000000000000e+00,0.000000000000000000e+00,0.000000000000000000e+00,1.862736844953757861e-13,1.862736844953757861e-13
6.351020183640337935e-03,6.710321563426361983e-03,6.351020183829374222e-03,6.710321563615398270e-03,4.004573830978999140e-03,4.252729042976102075e-03,2.291249933205320721e-03,2.409001965170919773e-03,5.519641945601784364e-05,4.859055527934009425e-05,0.000000000000000000e+00,0.000000000000000000e+00,0.000000000000000000e+00,0.000000000000000000e+00,1.890366161293528913e-13,1.890366161293528913e-13
6.581658182022063000e-03,6.695295338272104317e-03,6.581658182214445568e-03,6.695295338464486885e-03,4.138862362491196011e-03,4.240521250198574232e-03,2.387811911534629128e-03,2.404893614706011314e-03,5.498390799623780736e-05,4.988047336751823513e-05,0.000000000000000000e+00,0.000000000000000000e+00,0.000000000000000000e+00,0.000000000000000000e+00,1.923824391432412930e-13,1.923824391432412930e-13
6.546798417904993971e-03,6.688929925142782403e-03,6.546798418101175583e-03,6.688929925338964015e-03,4.140355424712974068e-03,4.233155134989924351e-03,2.349310096856194359e-03,2.403188800580819198e-03,5.713289633582582805e-05,5.258598957203898218e-05,0.000000000000000000e+00,0.000000000000000000e+00,0.000000000000000000e+00,0.000000000000000000e+00,1.961816498034796998e-13,1.961816498034796998e-13
6.244352563358162092e-03,6.663840540744776948e-03,6.244352563558451530e-03,6.663840540945066386e-03,3.935890395945962697e-03,4.215214942873754880e-03,2.249391375765111625e-03,2.389271670386427029e-03,5.907079164708764100e-05,5.935392748459522821e-05,0.000000000000000000e+00,0.000000000000000000e+00,0.000000000000000000e+00,0.000000000000000000e+00,2.002896211912615697e-13,2.002896211912615697e-13
6.378290071818603149e-03,6.645231469693555458e-03,6.378290072023438430e-03,6.645231469898390739e-03,4.010926156336336833e-03,4.201507460296105209e-03,2.302087103483971362e-03,2.385522320627696431e-03,6.527681199829449342e-05,5.820168876975402095e-05,0.000000000000000000e+00,0.000000000000000000e+00,0.000000000000000000e+00,0.000000000000000000e+00,2.048352654077491021e-13,2.048352654077491021e-13
6.302462681982780139e-03,6.627068109855381584e-03,6.302462682192434482e-03,6.627068110065035926e-03,3.957880594484140292e-03,4.186296695774542956e-03,2.266065630041925582e-03,2.374884965275566792e-03,7.851645745671438691e-05,6.588644880527217437e-05,0.000000000000000000e+00,0.000000000000000000e+00,0.000000000000000000e+00,0.000000000000000000e+00,2.096539273333603768e-13,2.096539273333603768e-13
6.374215626271288217e-03,6.600256756627662091e-03,6.374215626486472858e-03,6.600256756842846732e-03,4.019237675754540155e-03,4.163858434398133232e-03,2.275117228198889584e-03,2.360794181780387010e-03,7.986072231785824730e-05,7.560414044914187605e-05,0.000000000000000000e+00,0.000000000000000000e+00,0.000000000000000000e+00,0.000000000000000000e+00,2.151844779050513504e-13,2.151844779050513504e-13
6.428738845387755273e-03,6.557163995605434434e-03,6.428738845609679314e-03,6.557163995827358476e-03,4.039416497703860430e-03,4.130612060226110209e-03,2.294410295250037726e-03,2.339788361237857967e-03,9.491205243385741528e-05,8.676357414146646169e-05,0.000000000000000000e+00,0.000000000000000000e+00,0.000000000000000000e+00,0.000000000000000000e+00,2.219238377581644085e-13,2.219238377581644085e-13
5.998527584497030662e-03,6.496421940745293784e-03,5.998527584727107037e-03,6.496421940975370159e-03,3.739429500764917657e-03,4.077846393258382877e-03,2.159472979944310981e-03,2.317548717411747200e-03,9.962510378780180774e-05,1.010268300751633407e-04,0.000000000000000000e+00,0.000000000000000000e+00,0.000000000000000000e+00,0.000000000000000000e+00,2.300764017773376043e-13,2.300764017773376043e-13
